year,month,Source,Target,Weight,Time Interval
2024,1,kamalaharris,atwar,1,2024-1
2024,1,kamalaharris,trumpwon,1,2024-1
2024,1,kamalaharris,americafirst,1,2024-1
2024,1,kamalaharris,veteran,1,2024-1
2024,1,kamalaharris,secondamendment,1,2024-1
2024,1,kamalaharris,maga,1,2024-1
2024,1,kamalaharris,senate,1,2024-1
2024,1,kamalaharris,truth,1,2024-1
2024,1,kamalaharris,blm,1,2024-1
2024,1,kamalaharris,blacklivesmatter,1,2024-1
2024,1,kamalaharris,republicanparty,1,2024-1
2024,1,kamalaharris,democraticparty,1,2024-1
2024,1,kamalaharris,patriot,1,2024-1
2024,1,kamalaharris,congress,1,2024-1
2024,1,kamalaharris,joebiden,1,2024-1
2024,1,kamalaharris,trump2024,1,2024-1
2024,1,kamalaharris,usa,1,2024-1
2024,1,kamalaharris,biden,1,2024-1
2024,1,kamalaharris,trump,1,2024-1
2024,1,atwar,trumpwon,1,2024-1
2024,1,atwar,americafirst,1,2024-1
2024,1,atwar,veteran,1,2024-1
2024,1,atwar,secondamendment,1,2024-1
2024,1,atwar,maga,1,2024-1
2024,1,atwar,senate,1,2024-1
2024,1,atwar,truth,1,2024-1
2024,1,atwar,blm,1,2024-1
2024,1,atwar,blacklivesmatter,1,2024-1
2024,1,atwar,republicanparty,1,2024-1
2024,1,atwar,democraticparty,1,2024-1
2024,1,atwar,patriot,1,2024-1
2024,1,atwar,congress,1,2024-1
2024,1,atwar,joebiden,1,2024-1
2024,1,atwar,trump2024,1,2024-1
2024,1,atwar,usa,1,2024-1
2024,1,atwar,biden,1,2024-1
2024,1,atwar,trump,1,2024-1
2024,1,trumpwon,americafirst,1,2024-1
2024,1,trumpwon,veteran,1,2024-1
2024,1,trumpwon,secondamendment,1,2024-1
2024,1,trumpwon,maga,1,2024-1
2024,1,trumpwon,senate,1,2024-1
2024,1,trumpwon,truth,1,2024-1
2024,1,trumpwon,blm,1,2024-1
2024,1,trumpwon,blacklivesmatter,1,2024-1
2024,1,trumpwon,republicanparty,1,2024-1
2024,1,trumpwon,democraticparty,1,2024-1
2024,1,trumpwon,patriot,1,2024-1
2024,1,trumpwon,congress,1,2024-1
2024,1,trumpwon,joebiden,1,2024-1
2024,1,trumpwon,trump2024,1,2024-1
2024,1,trumpwon,usa,1,2024-1
2024,1,trumpwon,biden,1,2024-1
2024,1,trumpwon,trump,1,2024-1
2024,1,americafirst,veteran,1,2024-1
2024,1,americafirst,secondamendment,1,2024-1
2024,1,americafirst,maga,1,2024-1
2024,1,americafirst,senate,1,2024-1
2024,1,americafirst,truth,1,2024-1
2024,1,americafirst,blm,1,2024-1
2024,1,americafirst,blacklivesmatter,1,2024-1
2024,1,americafirst,republicanparty,1,2024-1
2024,1,americafirst,democraticparty,1,2024-1
2024,1,americafirst,patriot,1,2024-1
2024,1,americafirst,congress,1,2024-1
2024,1,americafirst,joebiden,1,2024-1
2024,1,americafirst,trump2024,1,2024-1
2024,1,americafirst,usa,1,2024-1
2024,1,americafirst,biden,1,2024-1
2024,1,americafirst,trump,1,2024-1
2024,1,veteran,secondamendment,1,2024-1
2024,1,veteran,maga,1,2024-1
2024,1,veteran,senate,1,2024-1
2024,1,veteran,truth,1,2024-1
2024,1,veteran,blm,1,2024-1
2024,1,veteran,blacklivesmatter,1,2024-1
2024,1,veteran,republicanparty,1,2024-1
2024,1,veteran,democraticparty,1,2024-1
2024,1,veteran,patriot,1,2024-1
2024,1,veteran,congress,1,2024-1
2024,1,veteran,joebiden,1,2024-1
2024,1,veteran,trump2024,1,2024-1
2024,1,veteran,usa,1,2024-1
2024,1,veteran,biden,1,2024-1
2024,1,veteran,trump,1,2024-1
2024,1,secondamendment,maga,1,2024-1
2024,1,secondamendment,senate,1,2024-1
2024,1,secondamendment,truth,1,2024-1
2024,1,secondamendment,blm,1,2024-1
2024,1,secondamendment,blacklivesmatter,1,2024-1
2024,1,secondamendment,republicanparty,1,2024-1
2024,1,secondamendment,democraticparty,1,2024-1
2024,1,secondamendment,patriot,1,2024-1
2024,1,secondamendment,congress,1,2024-1
2024,1,secondamendment,joebiden,1,2024-1
2024,1,secondamendment,trump2024,1,2024-1
2024,1,secondamendment,usa,1,2024-1
2024,1,secondamendment,biden,1,2024-1
2024,1,secondamendment,trump,1,2024-1
2024,1,maga,senate,1,2024-1
2024,1,maga,truth,1,2024-1
2024,1,maga,blm,1,2024-1
2024,1,maga,blacklivesmatter,1,2024-1
2024,1,maga,republicanparty,1,2024-1
2024,1,maga,democraticparty,1,2024-1
2024,1,maga,patriot,1,2024-1
2024,1,maga,congress,1,2024-1
2024,1,maga,joebiden,1,2024-1
2024,1,maga,trump2024,1,2024-1
2024,1,maga,usa,1,2024-1
2024,1,maga,biden,1,2024-1
2024,1,maga,trump,1,2024-1
2024,1,senate,truth,1,2024-1
2024,1,senate,blm,1,2024-1
2024,1,senate,blacklivesmatter,1,2024-1
2024,1,senate,republicanparty,1,2024-1
2024,1,senate,democraticparty,1,2024-1
2024,1,senate,patriot,1,2024-1
2024,1,senate,congress,1,2024-1
2024,1,senate,joebiden,1,2024-1
2024,1,senate,trump2024,1,2024-1
2024,1,senate,usa,1,2024-1
2024,1,senate,biden,1,2024-1
2024,1,senate,trump,1,2024-1
2024,1,truth,blm,1,2024-1
2024,1,truth,blacklivesmatter,1,2024-1
2024,1,truth,republicanparty,1,2024-1
2024,1,truth,democraticparty,1,2024-1
2024,1,truth,patriot,1,2024-1
2024,1,truth,congress,1,2024-1
2024,1,truth,joebiden,1,2024-1
2024,1,truth,trump2024,1,2024-1
2024,1,truth,usa,1,2024-1
2024,1,truth,biden,1,2024-1
2024,1,truth,trump,1,2024-1
2024,1,blm,blacklivesmatter,1,2024-1
2024,1,blm,republicanparty,1,2024-1
2024,1,blm,democraticparty,1,2024-1
2024,1,blm,patriot,1,2024-1
2024,1,blm,congress,1,2024-1
2024,1,blm,joebiden,1,2024-1
2024,1,blm,trump2024,1,2024-1
2024,1,blm,usa,1,2024-1
2024,1,blm,biden,1,2024-1
2024,1,blm,trump,1,2024-1
2024,1,blacklivesmatter,republicanparty,1,2024-1
2024,1,blacklivesmatter,democraticparty,1,2024-1
2024,1,blacklivesmatter,patriot,1,2024-1
2024,1,blacklivesmatter,congress,1,2024-1
2024,1,blacklivesmatter,joebiden,1,2024-1
2024,1,blacklivesmatter,trump2024,1,2024-1
2024,1,blacklivesmatter,usa,1,2024-1
2024,1,blacklivesmatter,biden,1,2024-1
2024,1,blacklivesmatter,trump,1,2024-1
2024,1,republicanparty,democraticparty,1,2024-1
2024,1,republicanparty,patriot,1,2024-1
2024,1,republicanparty,congress,1,2024-1
2024,1,republicanparty,joebiden,1,2024-1
2024,1,republicanparty,trump2024,1,2024-1
2024,1,republicanparty,usa,1,2024-1
2024,1,republicanparty,biden,1,2024-1
2024,1,republicanparty,trump,1,2024-1
2024,1,democraticparty,patriot,1,2024-1
2024,1,democraticparty,congress,1,2024-1
2024,1,democraticparty,joebiden,1,2024-1
2024,1,democraticparty,trump2024,1,2024-1
2024,1,democraticparty,usa,1,2024-1
2024,1,democraticparty,biden,1,2024-1
2024,1,democraticparty,trump,1,2024-1
2024,1,patriot,congress,1,2024-1
2024,1,patriot,joebiden,1,2024-1
2024,1,patriot,trump2024,1,2024-1
2024,1,patriot,usa,1,2024-1
2024,1,patriot,biden,1,2024-1
2024,1,patriot,trump,1,2024-1
2024,1,congress,joebiden,1,2024-1
2024,1,congress,trump2024,1,2024-1
2024,1,congress,usa,1,2024-1
2024,1,congress,biden,1,2024-1
2024,1,congress,trump,1,2024-1
2024,1,joebiden,trump2024,1,2024-1
2024,1,joebiden,usa,1,2024-1
2024,1,joebiden,biden,1,2024-1
2024,1,joebiden,trump,1,2024-1
2024,1,trump2024,usa,1,2024-1
2024,1,trump2024,biden,1,2024-1
2024,1,trump2024,trump,1,2024-1
2024,1,usa,biden,1,2024-1
2024,1,usa,trump,1,2024-1
2024,1,biden,trump,1,2024-1
2024,2,trumpwon,americafirst,1,2024-2
2024,2,trumpwon,saveamerica,1,2024-2
2024,2,trumpwon,israel,1,2024-2
2024,2,trumpwon,maga,1,2024-2
2024,2,trumpwon,russia,1,2024-2
2024,2,trumpwon,truth,1,2024-2
2024,2,trumpwon,nikkihaley,1,2024-2
2024,2,trumpwon,truthsocial,1,2024-2
2024,2,trumpwon,ukraine,1,2024-2
2024,2,trumpwon,fjb,1,2024-2
2024,2,trumpwon,wethepeople,1,2024-2
2024,2,trumpwon,patriot,1,2024-2
2024,2,trumpwon,obama,1,2024-2
2024,2,trumpwon,trump2024,1,2024-2
2024,2,trumpwon,border,1,2024-2
2024,2,trumpwon,usa,1,2024-2
2024,2,trumpwon,biden,1,2024-2
2024,2,trumpwon,democrat,1,2024-2
2024,2,trumpwon,trump,1,2024-2
2024,2,americafirst,saveamerica,1,2024-2
2024,2,americafirst,israel,1,2024-2
2024,2,americafirst,maga,1,2024-2
2024,2,americafirst,russia,1,2024-2
2024,2,americafirst,truth,1,2024-2
2024,2,americafirst,nikkihaley,1,2024-2
2024,2,americafirst,truthsocial,1,2024-2
2024,2,americafirst,ukraine,1,2024-2
2024,2,americafirst,fjb,1,2024-2
2024,2,americafirst,wethepeople,1,2024-2
2024,2,americafirst,patriot,1,2024-2
2024,2,americafirst,obama,1,2024-2
2024,2,americafirst,trump2024,1,2024-2
2024,2,americafirst,border,1,2024-2
2024,2,americafirst,usa,1,2024-2
2024,2,americafirst,biden,1,2024-2
2024,2,americafirst,democrat,1,2024-2
2024,2,americafirst,trump,1,2024-2
2024,2,saveamerica,israel,1,2024-2
2024,2,saveamerica,maga,1,2024-2
2024,2,saveamerica,russia,1,2024-2
2024,2,saveamerica,truth,1,2024-2
2024,2,saveamerica,nikkihaley,1,2024-2
2024,2,saveamerica,truthsocial,1,2024-2
2024,2,saveamerica,ukraine,1,2024-2
2024,2,saveamerica,fjb,1,2024-2
2024,2,saveamerica,wethepeople,1,2024-2
2024,2,saveamerica,patriot,1,2024-2
2024,2,saveamerica,obama,1,2024-2
2024,2,saveamerica,trump2024,1,2024-2
2024,2,saveamerica,border,1,2024-2
2024,2,saveamerica,usa,1,2024-2
2024,2,saveamerica,biden,1,2024-2
2024,2,saveamerica,democrat,1,2024-2
2024,2,saveamerica,trump,1,2024-2
2024,2,israel,maga,1,2024-2
2024,2,israel,russia,1,2024-2
2024,2,israel,truth,1,2024-2
2024,2,israel,nikkihaley,1,2024-2
2024,2,israel,truthsocial,1,2024-2
2024,2,israel,ukraine,1,2024-2
2024,2,israel,fjb,1,2024-2
2024,2,israel,wethepeople,1,2024-2
2024,2,israel,patriot,1,2024-2
2024,2,israel,obama,1,2024-2
2024,2,israel,trump2024,1,2024-2
2024,2,israel,border,1,2024-2
2024,2,israel,usa,1,2024-2
2024,2,israel,biden,1,2024-2
2024,2,israel,democrat,1,2024-2
2024,2,israel,trump,1,2024-2
2024,2,maga,russia,1,2024-2
2024,2,maga,truth,1,2024-2
2024,2,maga,nikkihaley,1,2024-2
2024,2,maga,truthsocial,1,2024-2
2024,2,maga,ukraine,1,2024-2
2024,2,maga,fjb,1,2024-2
2024,2,maga,wethepeople,1,2024-2
2024,2,maga,patriot,1,2024-2
2024,2,maga,obama,1,2024-2
2024,2,maga,trump2024,1,2024-2
2024,2,maga,border,1,2024-2
2024,2,maga,usa,1,2024-2
2024,2,maga,biden,1,2024-2
2024,2,maga,democrat,1,2024-2
2024,2,maga,trump,1,2024-2
2024,2,russia,truth,1,2024-2
2024,2,russia,nikkihaley,1,2024-2
2024,2,russia,truthsocial,1,2024-2
2024,2,russia,ukraine,1,2024-2
2024,2,russia,fjb,1,2024-2
2024,2,russia,wethepeople,1,2024-2
2024,2,russia,patriot,1,2024-2
2024,2,russia,obama,1,2024-2
2024,2,russia,trump2024,1,2024-2
2024,2,russia,border,1,2024-2
2024,2,russia,usa,1,2024-2
2024,2,russia,biden,1,2024-2
2024,2,russia,democrat,1,2024-2
2024,2,russia,trump,1,2024-2
2024,2,truth,nikkihaley,1,2024-2
2024,2,truth,truthsocial,1,2024-2
2024,2,truth,ukraine,1,2024-2
2024,2,truth,fjb,1,2024-2
2024,2,truth,wethepeople,1,2024-2
2024,2,truth,patriot,1,2024-2
2024,2,truth,obama,1,2024-2
2024,2,truth,trump2024,1,2024-2
2024,2,truth,border,1,2024-2
2024,2,truth,usa,1,2024-2
2024,2,truth,biden,1,2024-2
2024,2,truth,democrat,1,2024-2
2024,2,truth,trump,1,2024-2
2024,2,nikkihaley,truthsocial,1,2024-2
2024,2,nikkihaley,ukraine,1,2024-2
2024,2,nikkihaley,fjb,1,2024-2
2024,2,nikkihaley,wethepeople,1,2024-2
2024,2,nikkihaley,patriot,1,2024-2
2024,2,nikkihaley,obama,1,2024-2
2024,2,nikkihaley,trump2024,1,2024-2
2024,2,nikkihaley,border,1,2024-2
2024,2,nikkihaley,usa,1,2024-2
2024,2,nikkihaley,biden,1,2024-2
2024,2,nikkihaley,democrat,1,2024-2
2024,2,nikkihaley,trump,1,2024-2
2024,2,truthsocial,ukraine,1,2024-2
2024,2,truthsocial,fjb,1,2024-2
2024,2,truthsocial,wethepeople,1,2024-2
2024,2,truthsocial,patriot,1,2024-2
2024,2,truthsocial,obama,1,2024-2
2024,2,truthsocial,trump2024,1,2024-2
2024,2,truthsocial,border,1,2024-2
2024,2,truthsocial,usa,1,2024-2
2024,2,truthsocial,biden,1,2024-2
2024,2,truthsocial,democrat,1,2024-2
2024,2,truthsocial,trump,1,2024-2
2024,2,ukraine,fjb,1,2024-2
2024,2,ukraine,wethepeople,1,2024-2
2024,2,ukraine,patriot,1,2024-2
2024,2,ukraine,obama,1,2024-2
2024,2,ukraine,trump2024,1,2024-2
2024,2,ukraine,border,1,2024-2
2024,2,ukraine,usa,1,2024-2
2024,2,ukraine,biden,1,2024-2
2024,2,ukraine,democrat,1,2024-2
2024,2,ukraine,trump,1,2024-2
2024,2,fjb,wethepeople,1,2024-2
2024,2,fjb,patriot,1,2024-2
2024,2,fjb,obama,1,2024-2
2024,2,fjb,trump2024,1,2024-2
2024,2,fjb,border,1,2024-2
2024,2,fjb,usa,1,2024-2
2024,2,fjb,biden,1,2024-2
2024,2,fjb,democrat,1,2024-2
2024,2,fjb,trump,1,2024-2
2024,2,wethepeople,patriot,1,2024-2
2024,2,wethepeople,obama,1,2024-2
2024,2,wethepeople,trump2024,1,2024-2
2024,2,wethepeople,border,1,2024-2
2024,2,wethepeople,usa,1,2024-2
2024,2,wethepeople,biden,1,2024-2
2024,2,wethepeople,democrat,1,2024-2
2024,2,wethepeople,trump,1,2024-2
2024,2,patriot,obama,1,2024-2
2024,2,patriot,trump2024,1,2024-2
2024,2,patriot,border,1,2024-2
2024,2,patriot,usa,1,2024-2
2024,2,patriot,biden,1,2024-2
2024,2,patriot,democrat,1,2024-2
2024,2,patriot,trump,1,2024-2
2024,2,obama,trump2024,1,2024-2
2024,2,obama,border,1,2024-2
2024,2,obama,usa,1,2024-2
2024,2,obama,biden,1,2024-2
2024,2,obama,democrat,1,2024-2
2024,2,obama,trump,1,2024-2
2024,2,trump2024,border,1,2024-2
2024,2,trump2024,usa,1,2024-2
2024,2,trump2024,biden,1,2024-2
2024,2,trump2024,democrat,1,2024-2
2024,2,trump2024,trump,1,2024-2
2024,2,border,usa,1,2024-2
2024,2,border,biden,1,2024-2
2024,2,border,democrat,1,2024-2
2024,2,border,trump,1,2024-2
2024,2,usa,biden,1,2024-2
2024,2,usa,democrat,1,2024-2
2024,2,usa,trump,1,2024-2
2024,2,biden,democrat,1,2024-2
2024,2,biden,trump,1,2024-2
2024,2,democrat,trump,1,2024-2
2024,3,deepstate,trumpwon,1,2024-3
2024,3,deepstate,americafirst,1,2024-3
2024,3,deepstate,biden,1,2024-3
2024,3,deepstate,saveamerica,1,2024-3
2024,3,deepstate,maga,1,2024-3
2024,3,deepstate,truth,1,2024-3
2024,3,deepstate,nikkihaley,1,2024-3
2024,3,deepstate,truthsocial,1,2024-3
2024,3,deepstate,fjb,1,2024-3
2024,3,deepstate,bidencrimefamily,1,2024-3
2024,3,deepstate,j6,1,2024-3
2024,3,deepstate,patriot,1,2024-3
2024,3,deepstate,trump2024,1,2024-3
2024,3,deepstate,northcarolina,1,2024-3
2024,3,deepstate,usa,1,2024-3
2024,3,deepstate,supertuesday,1,2024-3
2024,3,deepstate,faniwillis,1,2024-3
2024,3,deepstate,democrat,1,2024-3
2024,3,deepstate,trump,1,2024-3
2024,3,trumpwon,americafirst,1,2024-3
2024,3,trumpwon,biden,1,2024-3
2024,3,trumpwon,saveamerica,1,2024-3
2024,3,trumpwon,maga,1,2024-3
2024,3,trumpwon,truth,1,2024-3
2024,3,trumpwon,nikkihaley,1,2024-3
2024,3,trumpwon,truthsocial,1,2024-3
2024,3,trumpwon,fjb,1,2024-3
2024,3,trumpwon,bidencrimefamily,1,2024-3
2024,3,trumpwon,j6,1,2024-3
2024,3,trumpwon,patriot,1,2024-3
2024,3,trumpwon,trump2024,1,2024-3
2024,3,trumpwon,northcarolina,1,2024-3
2024,3,trumpwon,usa,1,2024-3
2024,3,trumpwon,supertuesday,1,2024-3
2024,3,trumpwon,faniwillis,1,2024-3
2024,3,trumpwon,democrat,1,2024-3
2024,3,trumpwon,trump,1,2024-3
2024,3,americafirst,biden,1,2024-3
2024,3,americafirst,saveamerica,1,2024-3
2024,3,americafirst,maga,1,2024-3
2024,3,americafirst,truth,1,2024-3
2024,3,americafirst,nikkihaley,1,2024-3
2024,3,americafirst,truthsocial,1,2024-3
2024,3,americafirst,fjb,1,2024-3
2024,3,americafirst,bidencrimefamily,1,2024-3
2024,3,americafirst,j6,1,2024-3
2024,3,americafirst,patriot,1,2024-3
2024,3,americafirst,trump2024,1,2024-3
2024,3,americafirst,northcarolina,1,2024-3
2024,3,americafirst,usa,1,2024-3
2024,3,americafirst,supertuesday,1,2024-3
2024,3,americafirst,faniwillis,1,2024-3
2024,3,americafirst,democrat,1,2024-3
2024,3,americafirst,trump,1,2024-3
2024,3,biden,saveamerica,1,2024-3
2024,3,biden,maga,1,2024-3
2024,3,biden,truth,1,2024-3
2024,3,biden,nikkihaley,1,2024-3
2024,3,biden,truthsocial,1,2024-3
2024,3,biden,fjb,1,2024-3
2024,3,biden,bidencrimefamily,1,2024-3
2024,3,biden,j6,1,2024-3
2024,3,biden,patriot,1,2024-3
2024,3,biden,trump2024,1,2024-3
2024,3,biden,northcarolina,1,2024-3
2024,3,biden,usa,1,2024-3
2024,3,biden,supertuesday,1,2024-3
2024,3,biden,faniwillis,1,2024-3
2024,3,biden,democrat,1,2024-3
2024,3,biden,trump,1,2024-3
2024,3,saveamerica,maga,1,2024-3
2024,3,saveamerica,truth,1,2024-3
2024,3,saveamerica,nikkihaley,1,2024-3
2024,3,saveamerica,truthsocial,1,2024-3
2024,3,saveamerica,fjb,1,2024-3
2024,3,saveamerica,bidencrimefamily,1,2024-3
2024,3,saveamerica,j6,1,2024-3
2024,3,saveamerica,patriot,1,2024-3
2024,3,saveamerica,trump2024,1,2024-3
2024,3,saveamerica,northcarolina,1,2024-3
2024,3,saveamerica,usa,1,2024-3
2024,3,saveamerica,supertuesday,1,2024-3
2024,3,saveamerica,faniwillis,1,2024-3
2024,3,saveamerica,democrat,1,2024-3
2024,3,saveamerica,trump,1,2024-3
2024,3,maga,truth,1,2024-3
2024,3,maga,nikkihaley,1,2024-3
2024,3,maga,truthsocial,1,2024-3
2024,3,maga,fjb,1,2024-3
2024,3,maga,bidencrimefamily,1,2024-3
2024,3,maga,j6,1,2024-3
2024,3,maga,patriot,1,2024-3
2024,3,maga,trump2024,1,2024-3
2024,3,maga,northcarolina,1,2024-3
2024,3,maga,usa,1,2024-3
2024,3,maga,supertuesday,1,2024-3
2024,3,maga,faniwillis,1,2024-3
2024,3,maga,democrat,1,2024-3
2024,3,maga,trump,1,2024-3
2024,3,truth,nikkihaley,1,2024-3
2024,3,truth,truthsocial,1,2024-3
2024,3,truth,fjb,1,2024-3
2024,3,truth,bidencrimefamily,1,2024-3
2024,3,truth,j6,1,2024-3
2024,3,truth,patriot,1,2024-3
2024,3,truth,trump2024,1,2024-3
2024,3,truth,northcarolina,1,2024-3
2024,3,truth,usa,1,2024-3
2024,3,truth,supertuesday,1,2024-3
2024,3,truth,faniwillis,1,2024-3
2024,3,truth,democrat,1,2024-3
2024,3,truth,trump,1,2024-3
2024,3,nikkihaley,truthsocial,1,2024-3
2024,3,nikkihaley,fjb,1,2024-3
2024,3,nikkihaley,bidencrimefamily,1,2024-3
2024,3,nikkihaley,j6,1,2024-3
2024,3,nikkihaley,patriot,1,2024-3
2024,3,nikkihaley,trump2024,1,2024-3
2024,3,nikkihaley,northcarolina,1,2024-3
2024,3,nikkihaley,usa,1,2024-3
2024,3,nikkihaley,supertuesday,1,2024-3
2024,3,nikkihaley,faniwillis,1,2024-3
2024,3,nikkihaley,democrat,1,2024-3
2024,3,nikkihaley,trump,1,2024-3
2024,3,truthsocial,fjb,1,2024-3
2024,3,truthsocial,bidencrimefamily,1,2024-3
2024,3,truthsocial,j6,1,2024-3
2024,3,truthsocial,patriot,1,2024-3
2024,3,truthsocial,trump2024,1,2024-3
2024,3,truthsocial,northcarolina,1,2024-3
2024,3,truthsocial,usa,1,2024-3
2024,3,truthsocial,supertuesday,1,2024-3
2024,3,truthsocial,faniwillis,1,2024-3
2024,3,truthsocial,democrat,1,2024-3
2024,3,truthsocial,trump,1,2024-3
2024,3,fjb,bidencrimefamily,1,2024-3
2024,3,fjb,j6,1,2024-3
2024,3,fjb,patriot,1,2024-3
2024,3,fjb,trump2024,1,2024-3
2024,3,fjb,northcarolina,1,2024-3
2024,3,fjb,usa,1,2024-3
2024,3,fjb,supertuesday,1,2024-3
2024,3,fjb,faniwillis,1,2024-3
2024,3,fjb,democrat,1,2024-3
2024,3,fjb,trump,1,2024-3
2024,3,bidencrimefamily,j6,1,2024-3
2024,3,bidencrimefamily,patriot,1,2024-3
2024,3,bidencrimefamily,trump2024,1,2024-3
2024,3,bidencrimefamily,northcarolina,1,2024-3
2024,3,bidencrimefamily,usa,1,2024-3
2024,3,bidencrimefamily,supertuesday,1,2024-3
2024,3,bidencrimefamily,faniwillis,1,2024-3
2024,3,bidencrimefamily,democrat,1,2024-3
2024,3,bidencrimefamily,trump,1,2024-3
2024,3,j6,patriot,1,2024-3
2024,3,j6,trump2024,1,2024-3
2024,3,j6,northcarolina,1,2024-3
2024,3,j6,usa,1,2024-3
2024,3,j6,supertuesday,1,2024-3
2024,3,j6,faniwillis,1,2024-3
2024,3,j6,democrat,1,2024-3
2024,3,j6,trump,1,2024-3
2024,3,patriot,trump2024,1,2024-3
2024,3,patriot,northcarolina,1,2024-3
2024,3,patriot,usa,1,2024-3
2024,3,patriot,supertuesday,1,2024-3
2024,3,patriot,faniwillis,1,2024-3
2024,3,patriot,democrat,1,2024-3
2024,3,patriot,trump,1,2024-3
2024,3,trump2024,northcarolina,1,2024-3
2024,3,trump2024,usa,1,2024-3
2024,3,trump2024,supertuesday,1,2024-3
2024,3,trump2024,faniwillis,1,2024-3
2024,3,trump2024,democrat,1,2024-3
2024,3,trump2024,trump,1,2024-3
2024,3,northcarolina,usa,1,2024-3
2024,3,northcarolina,supertuesday,1,2024-3
2024,3,northcarolina,faniwillis,1,2024-3
2024,3,northcarolina,democrat,1,2024-3
2024,3,northcarolina,trump,1,2024-3
2024,3,usa,supertuesday,1,2024-3
2024,3,usa,faniwillis,1,2024-3
2024,3,usa,democrat,1,2024-3
2024,3,usa,trump,1,2024-3
2024,3,supertuesday,faniwillis,1,2024-3
2024,3,supertuesday,democrat,1,2024-3
2024,3,supertuesday,trump,1,2024-3
2024,3,faniwillis,democrat,1,2024-3
2024,3,faniwillis,trump,1,2024-3
2024,3,democrat,trump,1,2024-3
2024,4,hispanic,trumpwon,1,2024-4
2024,4,hispanic,michigan,1,2024-4
2024,4,hispanic,americafirst,1,2024-4
2024,4,hispanic,saveamerica,1,2024-4
2024,4,hispanic,texas,1,2024-4
2024,4,hispanic,maga,1,2024-4
2024,4,hispanic,truth,1,2024-4
2024,4,hispanic,wwg1wga,1,2024-4
2024,4,hispanic,truthsocial,1,2024-4
2024,4,hispanic,fjb,1,2024-4
2024,4,hispanic,wethepeople,1,2024-4
2024,4,hispanic,patriot,1,2024-4
2024,4,hispanic,news,1,2024-4
2024,4,hispanic,trump2024,1,2024-4
2024,4,hispanic,border,1,2024-4
2024,4,hispanic,usa,1,2024-4
2024,4,hispanic,biden,1,2024-4
2024,4,hispanic,democrat,1,2024-4
2024,4,hispanic,trump,1,2024-4
2024,4,trumpwon,michigan,1,2024-4
2024,4,trumpwon,americafirst,1,2024-4
2024,4,trumpwon,saveamerica,1,2024-4
2024,4,trumpwon,texas,1,2024-4
2024,4,trumpwon,maga,1,2024-4
2024,4,trumpwon,truth,1,2024-4
2024,4,trumpwon,wwg1wga,1,2024-4
2024,4,trumpwon,truthsocial,1,2024-4
2024,4,trumpwon,fjb,1,2024-4
2024,4,trumpwon,wethepeople,1,2024-4
2024,4,trumpwon,patriot,1,2024-4
2024,4,trumpwon,news,1,2024-4
2024,4,trumpwon,trump2024,1,2024-4
2024,4,trumpwon,border,1,2024-4
2024,4,trumpwon,usa,1,2024-4
2024,4,trumpwon,biden,1,2024-4
2024,4,trumpwon,democrat,1,2024-4
2024,4,trumpwon,trump,1,2024-4
2024,4,michigan,americafirst,1,2024-4
2024,4,michigan,saveamerica,1,2024-4
2024,4,michigan,texas,1,2024-4
2024,4,michigan,maga,1,2024-4
2024,4,michigan,truth,1,2024-4
2024,4,michigan,wwg1wga,1,2024-4
2024,4,michigan,truthsocial,1,2024-4
2024,4,michigan,fjb,1,2024-4
2024,4,michigan,wethepeople,1,2024-4
2024,4,michigan,patriot,1,2024-4
2024,4,michigan,news,1,2024-4
2024,4,michigan,trump2024,1,2024-4
2024,4,michigan,border,1,2024-4
2024,4,michigan,usa,1,2024-4
2024,4,michigan,biden,1,2024-4
2024,4,michigan,democrat,1,2024-4
2024,4,michigan,trump,1,2024-4
2024,4,americafirst,saveamerica,1,2024-4
2024,4,americafirst,texas,1,2024-4
2024,4,americafirst,maga,1,2024-4
2024,4,americafirst,truth,1,2024-4
2024,4,americafirst,wwg1wga,1,2024-4
2024,4,americafirst,truthsocial,1,2024-4
2024,4,americafirst,fjb,1,2024-4
2024,4,americafirst,wethepeople,1,2024-4
2024,4,americafirst,patriot,1,2024-4
2024,4,americafirst,news,1,2024-4
2024,4,americafirst,trump2024,1,2024-4
2024,4,americafirst,border,1,2024-4
2024,4,americafirst,usa,1,2024-4
2024,4,americafirst,biden,1,2024-4
2024,4,americafirst,democrat,1,2024-4
2024,4,americafirst,trump,1,2024-4
2024,4,saveamerica,texas,1,2024-4
2024,4,saveamerica,maga,1,2024-4
2024,4,saveamerica,truth,1,2024-4
2024,4,saveamerica,wwg1wga,1,2024-4
2024,4,saveamerica,truthsocial,1,2024-4
2024,4,saveamerica,fjb,1,2024-4
2024,4,saveamerica,wethepeople,1,2024-4
2024,4,saveamerica,patriot,1,2024-4
2024,4,saveamerica,news,1,2024-4
2024,4,saveamerica,trump2024,1,2024-4
2024,4,saveamerica,border,1,2024-4
2024,4,saveamerica,usa,1,2024-4
2024,4,saveamerica,biden,1,2024-4
2024,4,saveamerica,democrat,1,2024-4
2024,4,saveamerica,trump,1,2024-4
2024,4,texas,maga,1,2024-4
2024,4,texas,truth,1,2024-4
2024,4,texas,wwg1wga,1,2024-4
2024,4,texas,truthsocial,1,2024-4
2024,4,texas,fjb,1,2024-4
2024,4,texas,wethepeople,1,2024-4
2024,4,texas,patriot,1,2024-4
2024,4,texas,news,1,2024-4
2024,4,texas,trump2024,1,2024-4
2024,4,texas,border,1,2024-4
2024,4,texas,usa,1,2024-4
2024,4,texas,biden,1,2024-4
2024,4,texas,democrat,1,2024-4
2024,4,texas,trump,1,2024-4
2024,4,maga,truth,1,2024-4
2024,4,maga,wwg1wga,1,2024-4
2024,4,maga,truthsocial,1,2024-4
2024,4,maga,fjb,1,2024-4
2024,4,maga,wethepeople,1,2024-4
2024,4,maga,patriot,1,2024-4
2024,4,maga,news,1,2024-4
2024,4,maga,trump2024,1,2024-4
2024,4,maga,border,1,2024-4
2024,4,maga,usa,1,2024-4
2024,4,maga,biden,1,2024-4
2024,4,maga,democrat,1,2024-4
2024,4,maga,trump,1,2024-4
2024,4,truth,wwg1wga,1,2024-4
2024,4,truth,truthsocial,1,2024-4
2024,4,truth,fjb,1,2024-4
2024,4,truth,wethepeople,1,2024-4
2024,4,truth,patriot,1,2024-4
2024,4,truth,news,1,2024-4
2024,4,truth,trump2024,1,2024-4
2024,4,truth,border,1,2024-4
2024,4,truth,usa,1,2024-4
2024,4,truth,biden,1,2024-4
2024,4,truth,democrat,1,2024-4
2024,4,truth,trump,1,2024-4
2024,4,wwg1wga,truthsocial,1,2024-4
2024,4,wwg1wga,fjb,1,2024-4
2024,4,wwg1wga,wethepeople,1,2024-4
2024,4,wwg1wga,patriot,1,2024-4
2024,4,wwg1wga,news,1,2024-4
2024,4,wwg1wga,trump2024,1,2024-4
2024,4,wwg1wga,border,1,2024-4
2024,4,wwg1wga,usa,1,2024-4
2024,4,wwg1wga,biden,1,2024-4
2024,4,wwg1wga,democrat,1,2024-4
2024,4,wwg1wga,trump,1,2024-4
2024,4,truthsocial,fjb,1,2024-4
2024,4,truthsocial,wethepeople,1,2024-4
2024,4,truthsocial,patriot,1,2024-4
2024,4,truthsocial,news,1,2024-4
2024,4,truthsocial,trump2024,1,2024-4
2024,4,truthsocial,border,1,2024-4
2024,4,truthsocial,usa,1,2024-4
2024,4,truthsocial,biden,1,2024-4
2024,4,truthsocial,democrat,1,2024-4
2024,4,truthsocial,trump,1,2024-4
2024,4,fjb,wethepeople,1,2024-4
2024,4,fjb,patriot,1,2024-4
2024,4,fjb,news,1,2024-4
2024,4,fjb,trump2024,1,2024-4
2024,4,fjb,border,1,2024-4
2024,4,fjb,usa,1,2024-4
2024,4,fjb,biden,1,2024-4
2024,4,fjb,democrat,1,2024-4
2024,4,fjb,trump,1,2024-4
2024,4,wethepeople,patriot,1,2024-4
2024,4,wethepeople,news,1,2024-4
2024,4,wethepeople,trump2024,1,2024-4
2024,4,wethepeople,border,1,2024-4
2024,4,wethepeople,usa,1,2024-4
2024,4,wethepeople,biden,1,2024-4
2024,4,wethepeople,democrat,1,2024-4
2024,4,wethepeople,trump,1,2024-4
2024,4,patriot,news,1,2024-4
2024,4,patriot,trump2024,1,2024-4
2024,4,patriot,border,1,2024-4
2024,4,patriot,usa,1,2024-4
2024,4,patriot,biden,1,2024-4
2024,4,patriot,democrat,1,2024-4
2024,4,patriot,trump,1,2024-4
2024,4,news,trump2024,1,2024-4
2024,4,news,border,1,2024-4
2024,4,news,usa,1,2024-4
2024,4,news,biden,1,2024-4
2024,4,news,democrat,1,2024-4
2024,4,news,trump,1,2024-4
2024,4,trump2024,border,1,2024-4
2024,4,trump2024,usa,1,2024-4
2024,4,trump2024,biden,1,2024-4
2024,4,trump2024,democrat,1,2024-4
2024,4,trump2024,trump,1,2024-4
2024,4,border,usa,1,2024-4
2024,4,border,biden,1,2024-4
2024,4,border,democrat,1,2024-4
2024,4,border,trump,1,2024-4
2024,4,usa,biden,1,2024-4
2024,4,usa,democrat,1,2024-4
2024,4,usa,trump,1,2024-4
2024,4,biden,democrat,1,2024-4
2024,4,biden,trump,1,2024-4
2024,4,democrat,trump,1,2024-4
2024,5,deepstate,maga2024,1,2024-5
2024,5,deepstate,trumpwon,1,2024-5
2024,5,deepstate,americafirst,1,2024-5
2024,5,deepstate,saveamerica,1,2024-5
2024,5,deepstate,snowflake,1,2024-5
2024,5,deepstate,maga,1,2024-5
2024,5,deepstate,russia,1,2024-5
2024,5,deepstate,truth,1,2024-5
2024,5,deepstate,wwg1wga,1,2024-5
2024,5,deepstate,ukraine,1,2024-5
2024,5,deepstate,fakenews,1,2024-5
2024,5,deepstate,fjb,1,2024-5
2024,5,deepstate,hunterbiden,1,2024-5
2024,5,deepstate,trump2024,1,2024-5
2024,5,deepstate,usa,1,2024-5
2024,5,deepstate,biden,1,2024-5
2024,5,deepstate,jan6,1,2024-5
2024,5,deepstate,democrat,1,2024-5
2024,5,deepstate,trump,1,2024-5
2024,5,maga2024,trumpwon,1,2024-5
2024,5,maga2024,americafirst,1,2024-5
2024,5,maga2024,saveamerica,1,2024-5
2024,5,maga2024,snowflake,1,2024-5
2024,5,maga2024,maga,1,2024-5
2024,5,maga2024,russia,1,2024-5
2024,5,maga2024,truth,1,2024-5
2024,5,maga2024,wwg1wga,1,2024-5
2024,5,maga2024,ukraine,1,2024-5
2024,5,maga2024,fakenews,1,2024-5
2024,5,maga2024,fjb,1,2024-5
2024,5,maga2024,hunterbiden,1,2024-5
2024,5,maga2024,trump2024,1,2024-5
2024,5,maga2024,usa,1,2024-5
2024,5,maga2024,biden,1,2024-5
2024,5,maga2024,jan6,1,2024-5
2024,5,maga2024,democrat,1,2024-5
2024,5,maga2024,trump,1,2024-5
2024,5,trumpwon,americafirst,1,2024-5
2024,5,trumpwon,saveamerica,1,2024-5
2024,5,trumpwon,snowflake,1,2024-5
2024,5,trumpwon,maga,1,2024-5
2024,5,trumpwon,russia,1,2024-5
2024,5,trumpwon,truth,1,2024-5
2024,5,trumpwon,wwg1wga,1,2024-5
2024,5,trumpwon,ukraine,1,2024-5
2024,5,trumpwon,fakenews,1,2024-5
2024,5,trumpwon,fjb,1,2024-5
2024,5,trumpwon,hunterbiden,1,2024-5
2024,5,trumpwon,trump2024,1,2024-5
2024,5,trumpwon,usa,1,2024-5
2024,5,trumpwon,biden,1,2024-5
2024,5,trumpwon,jan6,1,2024-5
2024,5,trumpwon,democrat,1,2024-5
2024,5,trumpwon,trump,1,2024-5
2024,5,americafirst,saveamerica,1,2024-5
2024,5,americafirst,snowflake,1,2024-5
2024,5,americafirst,maga,1,2024-5
2024,5,americafirst,russia,1,2024-5
2024,5,americafirst,truth,1,2024-5
2024,5,americafirst,wwg1wga,1,2024-5
2024,5,americafirst,ukraine,1,2024-5
2024,5,americafirst,fakenews,1,2024-5
2024,5,americafirst,fjb,1,2024-5
2024,5,americafirst,hunterbiden,1,2024-5
2024,5,americafirst,trump2024,1,2024-5
2024,5,americafirst,usa,1,2024-5
2024,5,americafirst,biden,1,2024-5
2024,5,americafirst,jan6,1,2024-5
2024,5,americafirst,democrat,1,2024-5
2024,5,americafirst,trump,1,2024-5
2024,5,saveamerica,snowflake,1,2024-5
2024,5,saveamerica,maga,1,2024-5
2024,5,saveamerica,russia,1,2024-5
2024,5,saveamerica,truth,1,2024-5
2024,5,saveamerica,wwg1wga,1,2024-5
2024,5,saveamerica,ukraine,1,2024-5
2024,5,saveamerica,fakenews,1,2024-5
2024,5,saveamerica,fjb,1,2024-5
2024,5,saveamerica,hunterbiden,1,2024-5
2024,5,saveamerica,trump2024,1,2024-5
2024,5,saveamerica,usa,1,2024-5
2024,5,saveamerica,biden,1,2024-5
2024,5,saveamerica,jan6,1,2024-5
2024,5,saveamerica,democrat,1,2024-5
2024,5,saveamerica,trump,1,2024-5
2024,5,snowflake,maga,1,2024-5
2024,5,snowflake,russia,1,2024-5
2024,5,snowflake,truth,1,2024-5
2024,5,snowflake,wwg1wga,1,2024-5
2024,5,snowflake,ukraine,1,2024-5
2024,5,snowflake,fakenews,1,2024-5
2024,5,snowflake,fjb,1,2024-5
2024,5,snowflake,hunterbiden,1,2024-5
2024,5,snowflake,trump2024,1,2024-5
2024,5,snowflake,usa,1,2024-5
2024,5,snowflake,biden,1,2024-5
2024,5,snowflake,jan6,1,2024-5
2024,5,snowflake,democrat,1,2024-5
2024,5,snowflake,trump,1,2024-5
2024,5,maga,russia,1,2024-5
2024,5,maga,truth,1,2024-5
2024,5,maga,wwg1wga,1,2024-5
2024,5,maga,ukraine,1,2024-5
2024,5,maga,fakenews,1,2024-5
2024,5,maga,fjb,1,2024-5
2024,5,maga,hunterbiden,1,2024-5
2024,5,maga,trump2024,1,2024-5
2024,5,maga,usa,1,2024-5
2024,5,maga,biden,1,2024-5
2024,5,maga,jan6,1,2024-5
2024,5,maga,democrat,1,2024-5
2024,5,maga,trump,1,2024-5
2024,5,russia,truth,1,2024-5
2024,5,russia,wwg1wga,1,2024-5
2024,5,russia,ukraine,1,2024-5
2024,5,russia,fakenews,1,2024-5
2024,5,russia,fjb,1,2024-5
2024,5,russia,hunterbiden,1,2024-5
2024,5,russia,trump2024,1,2024-5
2024,5,russia,usa,1,2024-5
2024,5,russia,biden,1,2024-5
2024,5,russia,jan6,1,2024-5
2024,5,russia,democrat,1,2024-5
2024,5,russia,trump,1,2024-5
2024,5,truth,wwg1wga,1,2024-5
2024,5,truth,ukraine,1,2024-5
2024,5,truth,fakenews,1,2024-5
2024,5,truth,fjb,1,2024-5
2024,5,truth,hunterbiden,1,2024-5
2024,5,truth,trump2024,1,2024-5
2024,5,truth,usa,1,2024-5
2024,5,truth,biden,1,2024-5
2024,5,truth,jan6,1,2024-5
2024,5,truth,democrat,1,2024-5
2024,5,truth,trump,1,2024-5
2024,5,wwg1wga,ukraine,1,2024-5
2024,5,wwg1wga,fakenews,1,2024-5
2024,5,wwg1wga,fjb,1,2024-5
2024,5,wwg1wga,hunterbiden,1,2024-5
2024,5,wwg1wga,trump2024,1,2024-5
2024,5,wwg1wga,usa,1,2024-5
2024,5,wwg1wga,biden,1,2024-5
2024,5,wwg1wga,jan6,1,2024-5
2024,5,wwg1wga,democrat,1,2024-5
2024,5,wwg1wga,trump,1,2024-5
2024,5,ukraine,fakenews,1,2024-5
2024,5,ukraine,fjb,1,2024-5
2024,5,ukraine,hunterbiden,1,2024-5
2024,5,ukraine,trump2024,1,2024-5
2024,5,ukraine,usa,1,2024-5
2024,5,ukraine,biden,1,2024-5
2024,5,ukraine,jan6,1,2024-5
2024,5,ukraine,democrat,1,2024-5
2024,5,ukraine,trump,1,2024-5
2024,5,fakenews,fjb,1,2024-5
2024,5,fakenews,hunterbiden,1,2024-5
2024,5,fakenews,trump2024,1,2024-5
2024,5,fakenews,usa,1,2024-5
2024,5,fakenews,biden,1,2024-5
2024,5,fakenews,jan6,1,2024-5
2024,5,fakenews,democrat,1,2024-5
2024,5,fakenews,trump,1,2024-5
2024,5,fjb,hunterbiden,1,2024-5
2024,5,fjb,trump2024,1,2024-5
2024,5,fjb,usa,1,2024-5
2024,5,fjb,biden,1,2024-5
2024,5,fjb,jan6,1,2024-5
2024,5,fjb,democrat,1,2024-5
2024,5,fjb,trump,1,2024-5
2024,5,hunterbiden,trump2024,1,2024-5
2024,5,hunterbiden,usa,1,2024-5
2024,5,hunterbiden,biden,1,2024-5
2024,5,hunterbiden,jan6,1,2024-5
2024,5,hunterbiden,democrat,1,2024-5
2024,5,hunterbiden,trump,1,2024-5
2024,5,trump2024,usa,1,2024-5
2024,5,trump2024,biden,1,2024-5
2024,5,trump2024,jan6,1,2024-5
2024,5,trump2024,democrat,1,2024-5
2024,5,trump2024,trump,1,2024-5
2024,5,usa,biden,1,2024-5
2024,5,usa,jan6,1,2024-5
2024,5,usa,democrat,1,2024-5
2024,5,usa,trump,1,2024-5
2024,5,biden,jan6,1,2024-5
2024,5,biden,democrat,1,2024-5
2024,5,biden,trump,1,2024-5
2024,5,jan6,democrat,1,2024-5
2024,5,jan6,trump,1,2024-5
2024,5,democrat,trump,1,2024-5
2024,6,maga2024,trumpwon,1,2024-6
2024,6,maga2024,donaldtrump,1,2024-6
2024,6,maga2024,trumptruths,1,2024-6
2024,6,maga2024,saveamerica,1,2024-6
2024,6,maga2024,snowflake,1,2024-6
2024,6,maga2024,maga,1,2024-6
2024,6,maga2024,covfefe,1,2024-6
2024,6,maga2024,russia,1,2024-6
2024,6,maga2024,truth,1,2024-6
2024,6,maga2024,jan6,1,2024-6
2024,6,maga2024,ukraine,1,2024-6
2024,6,maga2024,fakenews,1,2024-6
2024,6,maga2024,fjb,1,2024-6
2024,6,maga2024,hunterbiden,1,2024-6
2024,6,maga2024,trump2024,1,2024-6
2024,6,maga2024,usa,1,2024-6
2024,6,maga2024,biden,1,2024-6
2024,6,maga2024,ultramaga,1,2024-6
2024,6,maga2024,trump,1,2024-6
2024,6,trumpwon,donaldtrump,1,2024-6
2024,6,trumpwon,trumptruths,1,2024-6
2024,6,trumpwon,saveamerica,1,2024-6
2024,6,trumpwon,snowflake,1,2024-6
2024,6,trumpwon,maga,1,2024-6
2024,6,trumpwon,covfefe,1,2024-6
2024,6,trumpwon,russia,1,2024-6
2024,6,trumpwon,truth,1,2024-6
2024,6,trumpwon,jan6,1,2024-6
2024,6,trumpwon,ukraine,1,2024-6
2024,6,trumpwon,fakenews,1,2024-6
2024,6,trumpwon,fjb,1,2024-6
2024,6,trumpwon,hunterbiden,1,2024-6
2024,6,trumpwon,trump2024,1,2024-6
2024,6,trumpwon,usa,1,2024-6
2024,6,trumpwon,biden,1,2024-6
2024,6,trumpwon,ultramaga,1,2024-6
2024,6,trumpwon,trump,1,2024-6
2024,6,donaldtrump,trumptruths,1,2024-6
2024,6,donaldtrump,saveamerica,1,2024-6
2024,6,donaldtrump,snowflake,1,2024-6
2024,6,donaldtrump,maga,1,2024-6
2024,6,donaldtrump,covfefe,1,2024-6
2024,6,donaldtrump,russia,1,2024-6
2024,6,donaldtrump,truth,1,2024-6
2024,6,donaldtrump,jan6,1,2024-6
2024,6,donaldtrump,ukraine,1,2024-6
2024,6,donaldtrump,fakenews,1,2024-6
2024,6,donaldtrump,fjb,1,2024-6
2024,6,donaldtrump,hunterbiden,1,2024-6
2024,6,donaldtrump,trump2024,1,2024-6
2024,6,donaldtrump,usa,1,2024-6
2024,6,donaldtrump,biden,1,2024-6
2024,6,donaldtrump,ultramaga,1,2024-6
2024,6,donaldtrump,trump,1,2024-6
2024,6,trumptruths,saveamerica,1,2024-6
2024,6,trumptruths,snowflake,1,2024-6
2024,6,trumptruths,maga,1,2024-6
2024,6,trumptruths,covfefe,1,2024-6
2024,6,trumptruths,russia,1,2024-6
2024,6,trumptruths,truth,1,2024-6
2024,6,trumptruths,jan6,1,2024-6
2024,6,trumptruths,ukraine,1,2024-6
2024,6,trumptruths,fakenews,1,2024-6
2024,6,trumptruths,fjb,1,2024-6
2024,6,trumptruths,hunterbiden,1,2024-6
2024,6,trumptruths,trump2024,1,2024-6
2024,6,trumptruths,usa,1,2024-6
2024,6,trumptruths,biden,1,2024-6
2024,6,trumptruths,ultramaga,1,2024-6
2024,6,trumptruths,trump,1,2024-6
2024,6,saveamerica,snowflake,1,2024-6
2024,6,saveamerica,maga,1,2024-6
2024,6,saveamerica,covfefe,1,2024-6
2024,6,saveamerica,russia,1,2024-6
2024,6,saveamerica,truth,1,2024-6
2024,6,saveamerica,jan6,1,2024-6
2024,6,saveamerica,ukraine,1,2024-6
2024,6,saveamerica,fakenews,1,2024-6
2024,6,saveamerica,fjb,1,2024-6
2024,6,saveamerica,hunterbiden,1,2024-6
2024,6,saveamerica,trump2024,1,2024-6
2024,6,saveamerica,usa,1,2024-6
2024,6,saveamerica,biden,1,2024-6
2024,6,saveamerica,ultramaga,1,2024-6
2024,6,saveamerica,trump,1,2024-6
2024,6,snowflake,maga,1,2024-6
2024,6,snowflake,covfefe,1,2024-6
2024,6,snowflake,russia,1,2024-6
2024,6,snowflake,truth,1,2024-6
2024,6,snowflake,jan6,1,2024-6
2024,6,snowflake,ukraine,1,2024-6
2024,6,snowflake,fakenews,1,2024-6
2024,6,snowflake,fjb,1,2024-6
2024,6,snowflake,hunterbiden,1,2024-6
2024,6,snowflake,trump2024,1,2024-6
2024,6,snowflake,usa,1,2024-6
2024,6,snowflake,biden,1,2024-6
2024,6,snowflake,ultramaga,1,2024-6
2024,6,snowflake,trump,1,2024-6
2024,6,maga,covfefe,1,2024-6
2024,6,maga,russia,1,2024-6
2024,6,maga,truth,1,2024-6
2024,6,maga,jan6,1,2024-6
2024,6,maga,ukraine,1,2024-6
2024,6,maga,fakenews,1,2024-6
2024,6,maga,fjb,1,2024-6
2024,6,maga,hunterbiden,1,2024-6
2024,6,maga,trump2024,1,2024-6
2024,6,maga,usa,1,2024-6
2024,6,maga,biden,1,2024-6
2024,6,maga,ultramaga,1,2024-6
2024,6,maga,trump,1,2024-6
2024,6,covfefe,russia,1,2024-6
2024,6,covfefe,truth,1,2024-6
2024,6,covfefe,jan6,1,2024-6
2024,6,covfefe,ukraine,1,2024-6
2024,6,covfefe,fakenews,1,2024-6
2024,6,covfefe,fjb,1,2024-6
2024,6,covfefe,hunterbiden,1,2024-6
2024,6,covfefe,trump2024,1,2024-6
2024,6,covfefe,usa,1,2024-6
2024,6,covfefe,biden,1,2024-6
2024,6,covfefe,ultramaga,1,2024-6
2024,6,covfefe,trump,1,2024-6
2024,6,russia,truth,1,2024-6
2024,6,russia,jan6,1,2024-6
2024,6,russia,ukraine,1,2024-6
2024,6,russia,fakenews,1,2024-6
2024,6,russia,fjb,1,2024-6
2024,6,russia,hunterbiden,1,2024-6
2024,6,russia,trump2024,1,2024-6
2024,6,russia,usa,1,2024-6
2024,6,russia,biden,1,2024-6
2024,6,russia,ultramaga,1,2024-6
2024,6,russia,trump,1,2024-6
2024,6,truth,jan6,1,2024-6
2024,6,truth,ukraine,1,2024-6
2024,6,truth,fakenews,1,2024-6
2024,6,truth,fjb,1,2024-6
2024,6,truth,hunterbiden,1,2024-6
2024,6,truth,trump2024,1,2024-6
2024,6,truth,usa,1,2024-6
2024,6,truth,biden,1,2024-6
2024,6,truth,ultramaga,1,2024-6
2024,6,truth,trump,1,2024-6
2024,6,jan6,ukraine,1,2024-6
2024,6,jan6,fakenews,1,2024-6
2024,6,jan6,fjb,1,2024-6
2024,6,jan6,hunterbiden,1,2024-6
2024,6,jan6,trump2024,1,2024-6
2024,6,jan6,usa,1,2024-6
2024,6,jan6,biden,1,2024-6
2024,6,jan6,ultramaga,1,2024-6
2024,6,jan6,trump,1,2024-6
2024,6,ukraine,fakenews,1,2024-6
2024,6,ukraine,fjb,1,2024-6
2024,6,ukraine,hunterbiden,1,2024-6
2024,6,ukraine,trump2024,1,2024-6
2024,6,ukraine,usa,1,2024-6
2024,6,ukraine,biden,1,2024-6
2024,6,ukraine,ultramaga,1,2024-6
2024,6,ukraine,trump,1,2024-6
2024,6,fakenews,fjb,1,2024-6
2024,6,fakenews,hunterbiden,1,2024-6
2024,6,fakenews,trump2024,1,2024-6
2024,6,fakenews,usa,1,2024-6
2024,6,fakenews,biden,1,2024-6
2024,6,fakenews,ultramaga,1,2024-6
2024,6,fakenews,trump,1,2024-6
2024,6,fjb,hunterbiden,1,2024-6
2024,6,fjb,trump2024,1,2024-6
2024,6,fjb,usa,1,2024-6
2024,6,fjb,biden,1,2024-6
2024,6,fjb,ultramaga,1,2024-6
2024,6,fjb,trump,1,2024-6
2024,6,hunterbiden,trump2024,1,2024-6
2024,6,hunterbiden,usa,1,2024-6
2024,6,hunterbiden,biden,1,2024-6
2024,6,hunterbiden,ultramaga,1,2024-6
2024,6,hunterbiden,trump,1,2024-6
2024,6,trump2024,usa,1,2024-6
2024,6,trump2024,biden,1,2024-6
2024,6,trump2024,ultramaga,1,2024-6
2024,6,trump2024,trump,1,2024-6
2024,6,usa,biden,1,2024-6
2024,6,usa,ultramaga,1,2024-6
2024,6,usa,trump,1,2024-6
2024,6,biden,ultramaga,1,2024-6
2024,6,biden,trump,1,2024-6
2024,6,ultramaga,trump,1,2024-6
2024,7,maga2024,trumpwon,1,2024-7
2024,7,maga2024,donaldtrump,1,2024-7
2024,7,maga2024,americafirst,1,2024-7
2024,7,maga2024,trumptruths,1,2024-7
2024,7,maga2024,maga,1,2024-7
2024,7,maga2024,covfefe,1,2024-7
2024,7,maga2024,russia,1,2024-7
2024,7,maga2024,truth,1,2024-7
2024,7,maga2024,ukraine,1,2024-7
2024,7,maga2024,fakenews,1,2024-7
2024,7,maga2024,fjb,1,2024-7
2024,7,maga2024,ultramaga,1,2024-7
2024,7,maga2024,hunterbiden,1,2024-7
2024,7,maga2024,trump2024,1,2024-7
2024,7,maga2024,usa,1,2024-7
2024,7,maga2024,biden,1,2024-7
2024,7,maga2024,jan6,1,2024-7
2024,7,maga2024,democrat,1,2024-7
2024,7,maga2024,trump,1,2024-7
2024,7,trumpwon,donaldtrump,1,2024-7
2024,7,trumpwon,americafirst,1,2024-7
2024,7,trumpwon,trumptruths,1,2024-7
2024,7,trumpwon,maga,1,2024-7
2024,7,trumpwon,covfefe,1,2024-7
2024,7,trumpwon,russia,1,2024-7
2024,7,trumpwon,truth,1,2024-7
2024,7,trumpwon,ukraine,1,2024-7
2024,7,trumpwon,fakenews,1,2024-7
2024,7,trumpwon,fjb,1,2024-7
2024,7,trumpwon,ultramaga,1,2024-7
2024,7,trumpwon,hunterbiden,1,2024-7
2024,7,trumpwon,trump2024,1,2024-7
2024,7,trumpwon,usa,1,2024-7
2024,7,trumpwon,biden,1,2024-7
2024,7,trumpwon,jan6,1,2024-7
2024,7,trumpwon,democrat,1,2024-7
2024,7,trumpwon,trump,1,2024-7
2024,7,donaldtrump,americafirst,1,2024-7
2024,7,donaldtrump,trumptruths,1,2024-7
2024,7,donaldtrump,maga,1,2024-7
2024,7,donaldtrump,covfefe,1,2024-7
2024,7,donaldtrump,russia,1,2024-7
2024,7,donaldtrump,truth,1,2024-7
2024,7,donaldtrump,ukraine,1,2024-7
2024,7,donaldtrump,fakenews,1,2024-7
2024,7,donaldtrump,fjb,1,2024-7
2024,7,donaldtrump,ultramaga,1,2024-7
2024,7,donaldtrump,hunterbiden,1,2024-7
2024,7,donaldtrump,trump2024,1,2024-7
2024,7,donaldtrump,usa,1,2024-7
2024,7,donaldtrump,biden,1,2024-7
2024,7,donaldtrump,jan6,1,2024-7
2024,7,donaldtrump,democrat,1,2024-7
2024,7,donaldtrump,trump,1,2024-7
2024,7,americafirst,trumptruths,1,2024-7
2024,7,americafirst,maga,1,2024-7
2024,7,americafirst,covfefe,1,2024-7
2024,7,americafirst,russia,1,2024-7
2024,7,americafirst,truth,1,2024-7
2024,7,americafirst,ukraine,1,2024-7
2024,7,americafirst,fakenews,1,2024-7
2024,7,americafirst,fjb,1,2024-7
2024,7,americafirst,ultramaga,1,2024-7
2024,7,americafirst,hunterbiden,1,2024-7
2024,7,americafirst,trump2024,1,2024-7
2024,7,americafirst,usa,1,2024-7
2024,7,americafirst,biden,1,2024-7
2024,7,americafirst,jan6,1,2024-7
2024,7,americafirst,democrat,1,2024-7
2024,7,americafirst,trump,1,2024-7
2024,7,trumptruths,maga,1,2024-7
2024,7,trumptruths,covfefe,1,2024-7
2024,7,trumptruths,russia,1,2024-7
2024,7,trumptruths,truth,1,2024-7
2024,7,trumptruths,ukraine,1,2024-7
2024,7,trumptruths,fakenews,1,2024-7
2024,7,trumptruths,fjb,1,2024-7
2024,7,trumptruths,ultramaga,1,2024-7
2024,7,trumptruths,hunterbiden,1,2024-7
2024,7,trumptruths,trump2024,1,2024-7
2024,7,trumptruths,usa,1,2024-7
2024,7,trumptruths,biden,1,2024-7
2024,7,trumptruths,jan6,1,2024-7
2024,7,trumptruths,democrat,1,2024-7
2024,7,trumptruths,trump,1,2024-7
2024,7,maga,covfefe,1,2024-7
2024,7,maga,russia,1,2024-7
2024,7,maga,truth,1,2024-7
2024,7,maga,ukraine,1,2024-7
2024,7,maga,fakenews,1,2024-7
2024,7,maga,fjb,1,2024-7
2024,7,maga,ultramaga,1,2024-7
2024,7,maga,hunterbiden,1,2024-7
2024,7,maga,trump2024,1,2024-7
2024,7,maga,usa,1,2024-7
2024,7,maga,biden,1,2024-7
2024,7,maga,jan6,1,2024-7
2024,7,maga,democrat,1,2024-7
2024,7,maga,trump,1,2024-7
2024,7,covfefe,russia,1,2024-7
2024,7,covfefe,truth,1,2024-7
2024,7,covfefe,ukraine,1,2024-7
2024,7,covfefe,fakenews,1,2024-7
2024,7,covfefe,fjb,1,2024-7
2024,7,covfefe,ultramaga,1,2024-7
2024,7,covfefe,hunterbiden,1,2024-7
2024,7,covfefe,trump2024,1,2024-7
2024,7,covfefe,usa,1,2024-7
2024,7,covfefe,biden,1,2024-7
2024,7,covfefe,jan6,1,2024-7
2024,7,covfefe,democrat,1,2024-7
2024,7,covfefe,trump,1,2024-7
2024,7,russia,truth,1,2024-7
2024,7,russia,ukraine,1,2024-7
2024,7,russia,fakenews,1,2024-7
2024,7,russia,fjb,1,2024-7
2024,7,russia,ultramaga,1,2024-7
2024,7,russia,hunterbiden,1,2024-7
2024,7,russia,trump2024,1,2024-7
2024,7,russia,usa,1,2024-7
2024,7,russia,biden,1,2024-7
2024,7,russia,jan6,1,2024-7
2024,7,russia,democrat,1,2024-7
2024,7,russia,trump,1,2024-7
2024,7,truth,ukraine,1,2024-7
2024,7,truth,fakenews,1,2024-7
2024,7,truth,fjb,1,2024-7
2024,7,truth,ultramaga,1,2024-7
2024,7,truth,hunterbiden,1,2024-7
2024,7,truth,trump2024,1,2024-7
2024,7,truth,usa,1,2024-7
2024,7,truth,biden,1,2024-7
2024,7,truth,jan6,1,2024-7
2024,7,truth,democrat,1,2024-7
2024,7,truth,trump,1,2024-7
2024,7,ukraine,fakenews,1,2024-7
2024,7,ukraine,fjb,1,2024-7
2024,7,ukraine,ultramaga,1,2024-7
2024,7,ukraine,hunterbiden,1,2024-7
2024,7,ukraine,trump2024,1,2024-7
2024,7,ukraine,usa,1,2024-7
2024,7,ukraine,biden,1,2024-7
2024,7,ukraine,jan6,1,2024-7
2024,7,ukraine,democrat,1,2024-7
2024,7,ukraine,trump,1,2024-7
2024,7,fakenews,fjb,1,2024-7
2024,7,fakenews,ultramaga,1,2024-7
2024,7,fakenews,hunterbiden,1,2024-7
2024,7,fakenews,trump2024,1,2024-7
2024,7,fakenews,usa,1,2024-7
2024,7,fakenews,biden,1,2024-7
2024,7,fakenews,jan6,1,2024-7
2024,7,fakenews,democrat,1,2024-7
2024,7,fakenews,trump,1,2024-7
2024,7,fjb,ultramaga,1,2024-7
2024,7,fjb,hunterbiden,1,2024-7
2024,7,fjb,trump2024,1,2024-7
2024,7,fjb,usa,1,2024-7
2024,7,fjb,biden,1,2024-7
2024,7,fjb,jan6,1,2024-7
2024,7,fjb,democrat,1,2024-7
2024,7,fjb,trump,1,2024-7
2024,7,ultramaga,hunterbiden,1,2024-7
2024,7,ultramaga,trump2024,1,2024-7
2024,7,ultramaga,usa,1,2024-7
2024,7,ultramaga,biden,1,2024-7
2024,7,ultramaga,jan6,1,2024-7
2024,7,ultramaga,democrat,1,2024-7
2024,7,ultramaga,trump,1,2024-7
2024,7,hunterbiden,trump2024,1,2024-7
2024,7,hunterbiden,usa,1,2024-7
2024,7,hunterbiden,biden,1,2024-7
2024,7,hunterbiden,jan6,1,2024-7
2024,7,hunterbiden,democrat,1,2024-7
2024,7,hunterbiden,trump,1,2024-7
2024,7,trump2024,usa,1,2024-7
2024,7,trump2024,biden,1,2024-7
2024,7,trump2024,jan6,1,2024-7
2024,7,trump2024,democrat,1,2024-7
2024,7,trump2024,trump,1,2024-7
2024,7,usa,biden,1,2024-7
2024,7,usa,jan6,1,2024-7
2024,7,usa,democrat,1,2024-7
2024,7,usa,trump,1,2024-7
2024,7,biden,jan6,1,2024-7
2024,7,biden,democrat,1,2024-7
2024,7,biden,trump,1,2024-7
2024,7,jan6,democrat,1,2024-7
2024,7,jan6,trump,1,2024-7
2024,7,democrat,trump,1,2024-7
2024,8,kamalaharris,maga2024,1,2024-8
2024,8,kamalaharris,trumpwon,1,2024-8
2024,8,kamalaharris,fightfightfight,1,2024-8
2024,8,kamalaharris,donaldtrump,1,2024-8
2024,8,kamalaharris,americafirst,1,2024-8
2024,8,kamalaharris,maga,1,2024-8
2024,8,kamalaharris,russia,1,2024-8
2024,8,kamalaharris,truth,1,2024-8
2024,8,kamalaharris,ukraine,1,2024-8
2024,8,kamalaharris,fjb,1,2024-8
2024,8,kamalaharris,ultramaga,1,2024-8
2024,8,kamalaharris,hunterbiden,1,2024-8
2024,8,kamalaharris,trump2024,1,2024-8
2024,8,kamalaharris,usa,1,2024-8
2024,8,kamalaharris,trumpvance2024,1,2024-8
2024,8,kamalaharris,biden,1,2024-8
2024,8,kamalaharris,jan6,1,2024-8
2024,8,kamalaharris,democrat,1,2024-8
2024,8,kamalaharris,trump,1,2024-8
2024,8,maga2024,trumpwon,1,2024-8
2024,8,maga2024,fightfightfight,1,2024-8
2024,8,maga2024,donaldtrump,1,2024-8
2024,8,maga2024,americafirst,1,2024-8
2024,8,maga2024,maga,1,2024-8
2024,8,maga2024,russia,1,2024-8
2024,8,maga2024,truth,1,2024-8
2024,8,maga2024,ukraine,1,2024-8
2024,8,maga2024,fjb,1,2024-8
2024,8,maga2024,ultramaga,1,2024-8
2024,8,maga2024,hunterbiden,1,2024-8
2024,8,maga2024,trump2024,1,2024-8
2024,8,maga2024,usa,1,2024-8
2024,8,maga2024,trumpvance2024,1,2024-8
2024,8,maga2024,biden,1,2024-8
2024,8,maga2024,jan6,1,2024-8
2024,8,maga2024,democrat,1,2024-8
2024,8,maga2024,trump,1,2024-8
2024,8,trumpwon,fightfightfight,1,2024-8
2024,8,trumpwon,donaldtrump,1,2024-8
2024,8,trumpwon,americafirst,1,2024-8
2024,8,trumpwon,maga,1,2024-8
2024,8,trumpwon,russia,1,2024-8
2024,8,trumpwon,truth,1,2024-8
2024,8,trumpwon,ukraine,1,2024-8
2024,8,trumpwon,fjb,1,2024-8
2024,8,trumpwon,ultramaga,1,2024-8
2024,8,trumpwon,hunterbiden,1,2024-8
2024,8,trumpwon,trump2024,1,2024-8
2024,8,trumpwon,usa,1,2024-8
2024,8,trumpwon,trumpvance2024,1,2024-8
2024,8,trumpwon,biden,1,2024-8
2024,8,trumpwon,jan6,1,2024-8
2024,8,trumpwon,democrat,1,2024-8
2024,8,trumpwon,trump,1,2024-8
2024,8,fightfightfight,donaldtrump,1,2024-8
2024,8,fightfightfight,americafirst,1,2024-8
2024,8,fightfightfight,maga,1,2024-8
2024,8,fightfightfight,russia,1,2024-8
2024,8,fightfightfight,truth,1,2024-8
2024,8,fightfightfight,ukraine,1,2024-8
2024,8,fightfightfight,fjb,1,2024-8
2024,8,fightfightfight,ultramaga,1,2024-8
2024,8,fightfightfight,hunterbiden,1,2024-8
2024,8,fightfightfight,trump2024,1,2024-8
2024,8,fightfightfight,usa,1,2024-8
2024,8,fightfightfight,trumpvance2024,1,2024-8
2024,8,fightfightfight,biden,1,2024-8
2024,8,fightfightfight,jan6,1,2024-8
2024,8,fightfightfight,democrat,1,2024-8
2024,8,fightfightfight,trump,1,2024-8
2024,8,donaldtrump,americafirst,1,2024-8
2024,8,donaldtrump,maga,1,2024-8
2024,8,donaldtrump,russia,1,2024-8
2024,8,donaldtrump,truth,1,2024-8
2024,8,donaldtrump,ukraine,1,2024-8
2024,8,donaldtrump,fjb,1,2024-8
2024,8,donaldtrump,ultramaga,1,2024-8
2024,8,donaldtrump,hunterbiden,1,2024-8
2024,8,donaldtrump,trump2024,1,2024-8
2024,8,donaldtrump,usa,1,2024-8
2024,8,donaldtrump,trumpvance2024,1,2024-8
2024,8,donaldtrump,biden,1,2024-8
2024,8,donaldtrump,jan6,1,2024-8
2024,8,donaldtrump,democrat,1,2024-8
2024,8,donaldtrump,trump,1,2024-8
2024,8,americafirst,maga,1,2024-8
2024,8,americafirst,russia,1,2024-8
2024,8,americafirst,truth,1,2024-8
2024,8,americafirst,ukraine,1,2024-8
2024,8,americafirst,fjb,1,2024-8
2024,8,americafirst,ultramaga,1,2024-8
2024,8,americafirst,hunterbiden,1,2024-8
2024,8,americafirst,trump2024,1,2024-8
2024,8,americafirst,usa,1,2024-8
2024,8,americafirst,trumpvance2024,1,2024-8
2024,8,americafirst,biden,1,2024-8
2024,8,americafirst,jan6,1,2024-8
2024,8,americafirst,democrat,1,2024-8
2024,8,americafirst,trump,1,2024-8
2024,8,maga,russia,1,2024-8
2024,8,maga,truth,1,2024-8
2024,8,maga,ukraine,1,2024-8
2024,8,maga,fjb,1,2024-8
2024,8,maga,ultramaga,1,2024-8
2024,8,maga,hunterbiden,1,2024-8
2024,8,maga,trump2024,1,2024-8
2024,8,maga,usa,1,2024-8
2024,8,maga,trumpvance2024,1,2024-8
2024,8,maga,biden,1,2024-8
2024,8,maga,jan6,1,2024-8
2024,8,maga,democrat,1,2024-8
2024,8,maga,trump,1,2024-8
2024,8,russia,truth,1,2024-8
2024,8,russia,ukraine,1,2024-8
2024,8,russia,fjb,1,2024-8
2024,8,russia,ultramaga,1,2024-8
2024,8,russia,hunterbiden,1,2024-8
2024,8,russia,trump2024,1,2024-8
2024,8,russia,usa,1,2024-8
2024,8,russia,trumpvance2024,1,2024-8
2024,8,russia,biden,1,2024-8
2024,8,russia,jan6,1,2024-8
2024,8,russia,democrat,1,2024-8
2024,8,russia,trump,1,2024-8
2024,8,truth,ukraine,1,2024-8
2024,8,truth,fjb,1,2024-8
2024,8,truth,ultramaga,1,2024-8
2024,8,truth,hunterbiden,1,2024-8
2024,8,truth,trump2024,1,2024-8
2024,8,truth,usa,1,2024-8
2024,8,truth,trumpvance2024,1,2024-8
2024,8,truth,biden,1,2024-8
2024,8,truth,jan6,1,2024-8
2024,8,truth,democrat,1,2024-8
2024,8,truth,trump,1,2024-8
2024,8,ukraine,fjb,1,2024-8
2024,8,ukraine,ultramaga,1,2024-8
2024,8,ukraine,hunterbiden,1,2024-8
2024,8,ukraine,trump2024,1,2024-8
2024,8,ukraine,usa,1,2024-8
2024,8,ukraine,trumpvance2024,1,2024-8
2024,8,ukraine,biden,1,2024-8
2024,8,ukraine,jan6,1,2024-8
2024,8,ukraine,democrat,1,2024-8
2024,8,ukraine,trump,1,2024-8
2024,8,fjb,ultramaga,1,2024-8
2024,8,fjb,hunterbiden,1,2024-8
2024,8,fjb,trump2024,1,2024-8
2024,8,fjb,usa,1,2024-8
2024,8,fjb,trumpvance2024,1,2024-8
2024,8,fjb,biden,1,2024-8
2024,8,fjb,jan6,1,2024-8
2024,8,fjb,democrat,1,2024-8
2024,8,fjb,trump,1,2024-8
2024,8,ultramaga,hunterbiden,1,2024-8
2024,8,ultramaga,trump2024,1,2024-8
2024,8,ultramaga,usa,1,2024-8
2024,8,ultramaga,trumpvance2024,1,2024-8
2024,8,ultramaga,biden,1,2024-8
2024,8,ultramaga,jan6,1,2024-8
2024,8,ultramaga,democrat,1,2024-8
2024,8,ultramaga,trump,1,2024-8
2024,8,hunterbiden,trump2024,1,2024-8
2024,8,hunterbiden,usa,1,2024-8
2024,8,hunterbiden,trumpvance2024,1,2024-8
2024,8,hunterbiden,biden,1,2024-8
2024,8,hunterbiden,jan6,1,2024-8
2024,8,hunterbiden,democrat,1,2024-8
2024,8,hunterbiden,trump,1,2024-8
2024,8,trump2024,usa,1,2024-8
2024,8,trump2024,trumpvance2024,1,2024-8
2024,8,trump2024,biden,1,2024-8
2024,8,trump2024,jan6,1,2024-8
2024,8,trump2024,democrat,1,2024-8
2024,8,trump2024,trump,1,2024-8
2024,8,usa,trumpvance2024,1,2024-8
2024,8,usa,biden,1,2024-8
2024,8,usa,jan6,1,2024-8
2024,8,usa,democrat,1,2024-8
2024,8,usa,trump,1,2024-8
2024,8,trumpvance2024,biden,1,2024-8
2024,8,trumpvance2024,jan6,1,2024-8
2024,8,trumpvance2024,democrat,1,2024-8
2024,8,trumpvance2024,trump,1,2024-8
2024,8,biden,jan6,1,2024-8
2024,8,biden,democrat,1,2024-8
2024,8,biden,trump,1,2024-8
2024,8,jan6,democrat,1,2024-8
2024,8,jan6,trump,1,2024-8
2024,8,democrat,trump,1,2024-8
2024,9,kamalaharris,maga2024,1,2024-9
2024,9,kamalaharris,trumpwon,1,2024-9
2024,9,kamalaharris,donaldtrump,1,2024-9
2024,9,kamalaharris,americafirst,1,2024-9
2024,9,kamalaharris,maga,1,2024-9
2024,9,kamalaharris,russia,1,2024-9
2024,9,kamalaharris,truth,1,2024-9
2024,9,kamalaharris,cia,1,2024-9
2024,9,kamalaharris,fjb,1,2024-9
2024,9,kamalaharris,gun,1,2024-9
2024,9,kamalaharris,hunterbiden,1,2024-9
2024,9,kamalaharris,rfk,1,2024-9
2024,9,kamalaharris,trump2024,1,2024-9
2024,9,kamalaharris,tampontim,1,2024-9
2024,9,kamalaharris,usa,1,2024-9
2024,9,kamalaharris,trumpvance2024,1,2024-9
2024,9,kamalaharris,biden,1,2024-9
2024,9,kamalaharris,jan6,1,2024-9
2024,9,kamalaharris,trump,1,2024-9
2024,9,maga2024,trumpwon,1,2024-9
2024,9,maga2024,donaldtrump,1,2024-9
2024,9,maga2024,americafirst,1,2024-9
2024,9,maga2024,maga,1,2024-9
2024,9,maga2024,russia,1,2024-9
2024,9,maga2024,truth,1,2024-9
2024,9,maga2024,cia,1,2024-9
2024,9,maga2024,fjb,1,2024-9
2024,9,maga2024,gun,1,2024-9
2024,9,maga2024,hunterbiden,1,2024-9
2024,9,maga2024,rfk,1,2024-9
2024,9,maga2024,trump2024,1,2024-9
2024,9,maga2024,tampontim,1,2024-9
2024,9,maga2024,usa,1,2024-9
2024,9,maga2024,trumpvance2024,1,2024-9
2024,9,maga2024,biden,1,2024-9
2024,9,maga2024,jan6,1,2024-9
2024,9,maga2024,trump,1,2024-9
2024,9,trumpwon,donaldtrump,1,2024-9
2024,9,trumpwon,americafirst,1,2024-9
2024,9,trumpwon,maga,1,2024-9
2024,9,trumpwon,russia,1,2024-9
2024,9,trumpwon,truth,1,2024-9
2024,9,trumpwon,cia,1,2024-9
2024,9,trumpwon,fjb,1,2024-9
2024,9,trumpwon,gun,1,2024-9
2024,9,trumpwon,hunterbiden,1,2024-9
2024,9,trumpwon,rfk,1,2024-9
2024,9,trumpwon,trump2024,1,2024-9
2024,9,trumpwon,tampontim,1,2024-9
2024,9,trumpwon,usa,1,2024-9
2024,9,trumpwon,trumpvance2024,1,2024-9
2024,9,trumpwon,biden,1,2024-9
2024,9,trumpwon,jan6,1,2024-9
2024,9,trumpwon,trump,1,2024-9
2024,9,donaldtrump,americafirst,1,2024-9
2024,9,donaldtrump,maga,1,2024-9
2024,9,donaldtrump,russia,1,2024-9
2024,9,donaldtrump,truth,1,2024-9
2024,9,donaldtrump,cia,1,2024-9
2024,9,donaldtrump,fjb,1,2024-9
2024,9,donaldtrump,gun,1,2024-9
2024,9,donaldtrump,hunterbiden,1,2024-9
2024,9,donaldtrump,rfk,1,2024-9
2024,9,donaldtrump,trump2024,1,2024-9
2024,9,donaldtrump,tampontim,1,2024-9
2024,9,donaldtrump,usa,1,2024-9
2024,9,donaldtrump,trumpvance2024,1,2024-9
2024,9,donaldtrump,biden,1,2024-9
2024,9,donaldtrump,jan6,1,2024-9
2024,9,donaldtrump,trump,1,2024-9
2024,9,americafirst,maga,1,2024-9
2024,9,americafirst,russia,1,2024-9
2024,9,americafirst,truth,1,2024-9
2024,9,americafirst,cia,1,2024-9
2024,9,americafirst,fjb,1,2024-9
2024,9,americafirst,gun,1,2024-9
2024,9,americafirst,hunterbiden,1,2024-9
2024,9,americafirst,rfk,1,2024-9
2024,9,americafirst,trump2024,1,2024-9
2024,9,americafirst,tampontim,1,2024-9
2024,9,americafirst,usa,1,2024-9
2024,9,americafirst,trumpvance2024,1,2024-9
2024,9,americafirst,biden,1,2024-9
2024,9,americafirst,jan6,1,2024-9
2024,9,americafirst,trump,1,2024-9
2024,9,maga,russia,1,2024-9
2024,9,maga,truth,1,2024-9
2024,9,maga,cia,1,2024-9
2024,9,maga,fjb,1,2024-9
2024,9,maga,gun,1,2024-9
2024,9,maga,hunterbiden,1,2024-9
2024,9,maga,rfk,1,2024-9
2024,9,maga,trump2024,1,2024-9
2024,9,maga,tampontim,1,2024-9
2024,9,maga,usa,1,2024-9
2024,9,maga,trumpvance2024,1,2024-9
2024,9,maga,biden,1,2024-9
2024,9,maga,jan6,1,2024-9
2024,9,maga,trump,1,2024-9
2024,9,russia,truth,1,2024-9
2024,9,russia,cia,1,2024-9
2024,9,russia,fjb,1,2024-9
2024,9,russia,gun,1,2024-9
2024,9,russia,hunterbiden,1,2024-9
2024,9,russia,rfk,1,2024-9
2024,9,russia,trump2024,1,2024-9
2024,9,russia,tampontim,1,2024-9
2024,9,russia,usa,1,2024-9
2024,9,russia,trumpvance2024,1,2024-9
2024,9,russia,biden,1,2024-9
2024,9,russia,jan6,1,2024-9
2024,9,russia,trump,1,2024-9
2024,9,truth,cia,1,2024-9
2024,9,truth,fjb,1,2024-9
2024,9,truth,gun,1,2024-9
2024,9,truth,hunterbiden,1,2024-9
2024,9,truth,rfk,1,2024-9
2024,9,truth,trump2024,1,2024-9
2024,9,truth,tampontim,1,2024-9
2024,9,truth,usa,1,2024-9
2024,9,truth,trumpvance2024,1,2024-9
2024,9,truth,biden,1,2024-9
2024,9,truth,jan6,1,2024-9
2024,9,truth,trump,1,2024-9
2024,9,cia,fjb,1,2024-9
2024,9,cia,gun,1,2024-9
2024,9,cia,hunterbiden,1,2024-9
2024,9,cia,rfk,1,2024-9
2024,9,cia,trump2024,1,2024-9
2024,9,cia,tampontim,1,2024-9
2024,9,cia,usa,1,2024-9
2024,9,cia,trumpvance2024,1,2024-9
2024,9,cia,biden,1,2024-9
2024,9,cia,jan6,1,2024-9
2024,9,cia,trump,1,2024-9
2024,9,fjb,gun,1,2024-9
2024,9,fjb,hunterbiden,1,2024-9
2024,9,fjb,rfk,1,2024-9
2024,9,fjb,trump2024,1,2024-9
2024,9,fjb,tampontim,1,2024-9
2024,9,fjb,usa,1,2024-9
2024,9,fjb,trumpvance2024,1,2024-9
2024,9,fjb,biden,1,2024-9
2024,9,fjb,jan6,1,2024-9
2024,9,fjb,trump,1,2024-9
2024,9,gun,hunterbiden,1,2024-9
2024,9,gun,rfk,1,2024-9
2024,9,gun,trump2024,1,2024-9
2024,9,gun,tampontim,1,2024-9
2024,9,gun,usa,1,2024-9
2024,9,gun,trumpvance2024,1,2024-9
2024,9,gun,biden,1,2024-9
2024,9,gun,jan6,1,2024-9
2024,9,gun,trump,1,2024-9
2024,9,hunterbiden,rfk,1,2024-9
2024,9,hunterbiden,trump2024,1,2024-9
2024,9,hunterbiden,tampontim,1,2024-9
2024,9,hunterbiden,usa,1,2024-9
2024,9,hunterbiden,trumpvance2024,1,2024-9
2024,9,hunterbiden,biden,1,2024-9
2024,9,hunterbiden,jan6,1,2024-9
2024,9,hunterbiden,trump,1,2024-9
2024,9,rfk,trump2024,1,2024-9
2024,9,rfk,tampontim,1,2024-9
2024,9,rfk,usa,1,2024-9
2024,9,rfk,trumpvance2024,1,2024-9
2024,9,rfk,biden,1,2024-9
2024,9,rfk,jan6,1,2024-9
2024,9,rfk,trump,1,2024-9
2024,9,trump2024,tampontim,1,2024-9
2024,9,trump2024,usa,1,2024-9
2024,9,trump2024,trumpvance2024,1,2024-9
2024,9,trump2024,biden,1,2024-9
2024,9,trump2024,jan6,1,2024-9
2024,9,trump2024,trump,1,2024-9
2024,9,tampontim,usa,1,2024-9
2024,9,tampontim,trumpvance2024,1,2024-9
2024,9,tampontim,biden,1,2024-9
2024,9,tampontim,jan6,1,2024-9
2024,9,tampontim,trump,1,2024-9
2024,9,usa,trumpvance2024,1,2024-9
2024,9,usa,biden,1,2024-9
2024,9,usa,jan6,1,2024-9
2024,9,usa,trump,1,2024-9
2024,9,trumpvance2024,biden,1,2024-9
2024,9,trumpvance2024,jan6,1,2024-9
2024,9,trumpvance2024,trump,1,2024-9
2024,9,biden,jan6,1,2024-9
2024,9,biden,trump,1,2024-9
2024,9,jan6,trump,1,2024-9
2024,10,kamalaharris,maga2024,1,2024-10
2024,10,kamalaharris,trumpwon,1,2024-10
2024,10,kamalaharris,donaldtrump,1,2024-10
2024,10,kamalaharris,americafirst,1,2024-10
2024,10,kamalaharris,maga,1,2024-10
2024,10,kamalaharris,russia,1,2024-10
2024,10,kamalaharris,truth,1,2024-10
2024,10,kamalaharris,cia,1,2024-10
2024,10,kamalaharris,fjb,1,2024-10
2024,10,kamalaharris,retruth,1,2024-10
2024,10,kamalaharris,gun,1,2024-10
2024,10,kamalaharris,ultramaga,1,2024-10
2024,10,kamalaharris,hunterbiden,1,2024-10
2024,10,kamalaharris,trump2024,1,2024-10
2024,10,kamalaharris,usa,1,2024-10
2024,10,kamalaharris,trumpvance2024,1,2024-10
2024,10,kamalaharris,biden,1,2024-10
2024,10,kamalaharris,jan6,1,2024-10
2024,10,kamalaharris,trump,1,2024-10
2024,10,maga2024,trumpwon,1,2024-10
2024,10,maga2024,donaldtrump,1,2024-10
2024,10,maga2024,americafirst,1,2024-10
2024,10,maga2024,maga,1,2024-10
2024,10,maga2024,russia,1,2024-10
2024,10,maga2024,truth,1,2024-10
2024,10,maga2024,cia,1,2024-10
2024,10,maga2024,fjb,1,2024-10
2024,10,maga2024,retruth,1,2024-10
2024,10,maga2024,gun,1,2024-10
2024,10,maga2024,ultramaga,1,2024-10
2024,10,maga2024,hunterbiden,1,2024-10
2024,10,maga2024,trump2024,1,2024-10
2024,10,maga2024,usa,1,2024-10
2024,10,maga2024,trumpvance2024,1,2024-10
2024,10,maga2024,biden,1,2024-10
2024,10,maga2024,jan6,1,2024-10
2024,10,maga2024,trump,1,2024-10
2024,10,trumpwon,donaldtrump,1,2024-10
2024,10,trumpwon,americafirst,1,2024-10
2024,10,trumpwon,maga,1,2024-10
2024,10,trumpwon,russia,1,2024-10
2024,10,trumpwon,truth,1,2024-10
2024,10,trumpwon,cia,1,2024-10
2024,10,trumpwon,fjb,1,2024-10
2024,10,trumpwon,retruth,1,2024-10
2024,10,trumpwon,gun,1,2024-10
2024,10,trumpwon,ultramaga,1,2024-10
2024,10,trumpwon,hunterbiden,1,2024-10
2024,10,trumpwon,trump2024,1,2024-10
2024,10,trumpwon,usa,1,2024-10
2024,10,trumpwon,trumpvance2024,1,2024-10
2024,10,trumpwon,biden,1,2024-10
2024,10,trumpwon,jan6,1,2024-10
2024,10,trumpwon,trump,1,2024-10
2024,10,donaldtrump,americafirst,1,2024-10
2024,10,donaldtrump,maga,1,2024-10
2024,10,donaldtrump,russia,1,2024-10
2024,10,donaldtrump,truth,1,2024-10
2024,10,donaldtrump,cia,1,2024-10
2024,10,donaldtrump,fjb,1,2024-10
2024,10,donaldtrump,retruth,1,2024-10
2024,10,donaldtrump,gun,1,2024-10
2024,10,donaldtrump,ultramaga,1,2024-10
2024,10,donaldtrump,hunterbiden,1,2024-10
2024,10,donaldtrump,trump2024,1,2024-10
2024,10,donaldtrump,usa,1,2024-10
2024,10,donaldtrump,trumpvance2024,1,2024-10
2024,10,donaldtrump,biden,1,2024-10
2024,10,donaldtrump,jan6,1,2024-10
2024,10,donaldtrump,trump,1,2024-10
2024,10,americafirst,maga,1,2024-10
2024,10,americafirst,russia,1,2024-10
2024,10,americafirst,truth,1,2024-10
2024,10,americafirst,cia,1,2024-10
2024,10,americafirst,fjb,1,2024-10
2024,10,americafirst,retruth,1,2024-10
2024,10,americafirst,gun,1,2024-10
2024,10,americafirst,ultramaga,1,2024-10
2024,10,americafirst,hunterbiden,1,2024-10
2024,10,americafirst,trump2024,1,2024-10
2024,10,americafirst,usa,1,2024-10
2024,10,americafirst,trumpvance2024,1,2024-10
2024,10,americafirst,biden,1,2024-10
2024,10,americafirst,jan6,1,2024-10
2024,10,americafirst,trump,1,2024-10
2024,10,maga,russia,1,2024-10
2024,10,maga,truth,1,2024-10
2024,10,maga,cia,1,2024-10
2024,10,maga,fjb,1,2024-10
2024,10,maga,retruth,1,2024-10
2024,10,maga,gun,1,2024-10
2024,10,maga,ultramaga,1,2024-10
2024,10,maga,hunterbiden,1,2024-10
2024,10,maga,trump2024,1,2024-10
2024,10,maga,usa,1,2024-10
2024,10,maga,trumpvance2024,1,2024-10
2024,10,maga,biden,1,2024-10
2024,10,maga,jan6,1,2024-10
2024,10,maga,trump,1,2024-10
2024,10,russia,truth,1,2024-10
2024,10,russia,cia,1,2024-10
2024,10,russia,fjb,1,2024-10
2024,10,russia,retruth,1,2024-10
2024,10,russia,gun,1,2024-10
2024,10,russia,ultramaga,1,2024-10
2024,10,russia,hunterbiden,1,2024-10
2024,10,russia,trump2024,1,2024-10
2024,10,russia,usa,1,2024-10
2024,10,russia,trumpvance2024,1,2024-10
2024,10,russia,biden,1,2024-10
2024,10,russia,jan6,1,2024-10
2024,10,russia,trump,1,2024-10
2024,10,truth,cia,1,2024-10
2024,10,truth,fjb,1,2024-10
2024,10,truth,retruth,1,2024-10
2024,10,truth,gun,1,2024-10
2024,10,truth,ultramaga,1,2024-10
2024,10,truth,hunterbiden,1,2024-10
2024,10,truth,trump2024,1,2024-10
2024,10,truth,usa,1,2024-10
2024,10,truth,trumpvance2024,1,2024-10
2024,10,truth,biden,1,2024-10
2024,10,truth,jan6,1,2024-10
2024,10,truth,trump,1,2024-10
2024,10,cia,fjb,1,2024-10
2024,10,cia,retruth,1,2024-10
2024,10,cia,gun,1,2024-10
2024,10,cia,ultramaga,1,2024-10
2024,10,cia,hunterbiden,1,2024-10
2024,10,cia,trump2024,1,2024-10
2024,10,cia,usa,1,2024-10
2024,10,cia,trumpvance2024,1,2024-10
2024,10,cia,biden,1,2024-10
2024,10,cia,jan6,1,2024-10
2024,10,cia,trump,1,2024-10
2024,10,fjb,retruth,1,2024-10
2024,10,fjb,gun,1,2024-10
2024,10,fjb,ultramaga,1,2024-10
2024,10,fjb,hunterbiden,1,2024-10
2024,10,fjb,trump2024,1,2024-10
2024,10,fjb,usa,1,2024-10
2024,10,fjb,trumpvance2024,1,2024-10
2024,10,fjb,biden,1,2024-10
2024,10,fjb,jan6,1,2024-10
2024,10,fjb,trump,1,2024-10
2024,10,retruth,gun,1,2024-10
2024,10,retruth,ultramaga,1,2024-10
2024,10,retruth,hunterbiden,1,2024-10
2024,10,retruth,trump2024,1,2024-10
2024,10,retruth,usa,1,2024-10
2024,10,retruth,trumpvance2024,1,2024-10
2024,10,retruth,biden,1,2024-10
2024,10,retruth,jan6,1,2024-10
2024,10,retruth,trump,1,2024-10
2024,10,gun,ultramaga,1,2024-10
2024,10,gun,hunterbiden,1,2024-10
2024,10,gun,trump2024,1,2024-10
2024,10,gun,usa,1,2024-10
2024,10,gun,trumpvance2024,1,2024-10
2024,10,gun,biden,1,2024-10
2024,10,gun,jan6,1,2024-10
2024,10,gun,trump,1,2024-10
2024,10,ultramaga,hunterbiden,1,2024-10
2024,10,ultramaga,trump2024,1,2024-10
2024,10,ultramaga,usa,1,2024-10
2024,10,ultramaga,trumpvance2024,1,2024-10
2024,10,ultramaga,biden,1,2024-10
2024,10,ultramaga,jan6,1,2024-10
2024,10,ultramaga,trump,1,2024-10
2024,10,hunterbiden,trump2024,1,2024-10
2024,10,hunterbiden,usa,1,2024-10
2024,10,hunterbiden,trumpvance2024,1,2024-10
2024,10,hunterbiden,biden,1,2024-10
2024,10,hunterbiden,jan6,1,2024-10
2024,10,hunterbiden,trump,1,2024-10
2024,10,trump2024,usa,1,2024-10
2024,10,trump2024,trumpvance2024,1,2024-10
2024,10,trump2024,biden,1,2024-10
2024,10,trump2024,jan6,1,2024-10
2024,10,trump2024,trump,1,2024-10
2024,10,usa,trumpvance2024,1,2024-10
2024,10,usa,biden,1,2024-10
2024,10,usa,jan6,1,2024-10
2024,10,usa,trump,1,2024-10
2024,10,trumpvance2024,biden,1,2024-10
2024,10,trumpvance2024,jan6,1,2024-10
2024,10,trumpvance2024,trump,1,2024-10
2024,10,biden,jan6,1,2024-10
2024,10,biden,trump,1,2024-10
2024,10,jan6,trump,1,2024-10
